tag,frequency
foodie,12
foodiesofindia,11
food,11
foodgasm,10
foodtalkindia,10
foodtalk,10
fti,10
foodies,10
foodgram,10
yummy,10
foodblogger,10
foodfeed,10
delicious,10
instagood,10
instafood,10
instagram,10
dilsefoodie,8
dilsecouple,8
foodnews,6
recipe,5
sanjyotkeer,5
foodcollabs,4
icecream,4
monsoon,4
foodporn,4
yourfoodlab,4
streetfood,4
cheese,3
trending,3
indialove,3
recipevideo,3
reelsinstagram,3
ftifinds,3
pancake,2
westchestercounty,2
trend,2
reelsvideo,2
handcrafted,2
exploredelhi,2
newintown,2
corn,2
spicy,2
guac,2
guacamole,2
coffee,2
reels,2
reelitfeelit,2
newyork,2
majnukatila,2
delhi,2
chicken,2
thisisdelhi,1
flybyjing,1
crypto,1
cryptocurrency,1
breakfast,1
breakfastcereal,1
kaws,1
lifestyle,1
shakeshack,1
avocado,1
golgappe,1
handmade,1
heinz,1
ketchup,1
frenchfries,1
tibetancuisine,1
cornrecipes,1
travel,1
chipolte,1
bhutta,1
dip,1
luxury,1
pool,1
burger,1
sneakerdrop,1
fazeclan,1
doordash,1
korean,1
fazesubs,1
explorepage,1
gaming,1
sandwiches,1
chocotaco,1
klondike,1
unilever,1
relatable,1
tacos,1
tibet,1
bangbangcorn,1
mkt,1
poolvibes,1
fun,1
bff,1
cheesy,1
minivlog,1
dayout,1
bubbleteachallenge,1
shopping,1
challenge,1
boba,1
koreansnack,1
tibetanfood,1
bubbletea,1
swimmingpool,1
coldcoffee,1
koreanfood,1
noidadiaries,1
addicted,1
minireview,1
garlicbread,1
explore,1
barsat,1
hack,1
tibetanculture,1
chopsticks,1
authentic,1
tibetan,1
diy,1
learningisfun,1
noida,1
teashop,1
teasta,1
hotels,1
viral,1
explorenoida,1
pooltime,1
ayurvedic,1
bacon,1
roasted,1
anokha,1
adhbhut,1
awishvasniye,1
foodiewe,1
alootikki,1
assam,1
redvelvet,1
donut,1
cookie,1
milkshake,1
macaroon,1
brownie,1
cake,1
cupcake,1
waffles,1
chocolates,1
newsroundup,1
beveragesnews,1
events,1
fish,1
murthal,1
baconeggandcheese,1
arnavresorts,1
rewind,1
foodism,1
homemade,1
indianfood,1
ussalvada,1
chaat,1
kheer,1
indiancuisine,1
desert,1
pancakeday,1
pancakelover,1
monsoonswithyfl,1
indorespecial,1
bhuttekakees,1
yfl,1
meduvada,1
yflxhamiltonbeachindia,1
bombay,1
meduvadasambar,1
festivals,1
mumbai,1
share,1
kachoris,1
bakery,1
pastries,1
danish,1
puffs,1
artisanal,1
brioche,1
homegrown,1
tea,1
savorworksroasters,1
chocolate,1
organic,1
vegan,1
discover,1
cafe,1
bombaycuisine,1
instareels,1
foodreels,1
foodscene,1
breakfastsandwich,1
restaurants,1
buffalowings,1
koreanchicken,1
fresh,1
crispy,1
littlemiss,1
cuisines,1
gec,1
nutbutter,1
peanutbutter,1
almondbutter,1
spreads,1
gulatirestaurant,1
chickenpopcorn,1
butterchicken,1
biryani,1
iconic,1
famous,1
mughlai,1
hyderabadi,1
northindian,1
friedchicken,1
trendingreels,1
